sku,name,locations
01MG101,0.1MG Windshield,
01MG102,0.1MG Machine Base,
01MG103,0.1MG SS Platter,
01MG104,0.1MG SS ADAPTOR,
14FRC,FRC CABLE (14 PIN),"N · 1 · 1, N · 1 · 2"
202SSBODY,INDICATOR BODY SS -6 key set,
2PINCW,Power Cord 2 PIN,"B · 2 · 1, B · 3 · 2, M · 6 · 2"
3PINCW,CodeWire 3Pin,B · 3 · 2
400A,ALFA-SF,
4PINC,4 Pin Metal Connector,E · 4 · 1
A10POS,TOUCH POS A10,
A12BOARD,A12 printer interface board,
A12PRT,A12 FULL PRINTER SET,A · 6 · 1
A1Q3BAT,LI-ION A1Q3,P · 3 · 1
A1Q7BAT,LI-ION A1Q7,
A1ROLLER,RUBBER ROLLER FOR HAND HELD POS,
A5PRT,PRINTER HEAD WITH ROLLER A5,A · 6 · 1
ACS779DSAMPLE,ACS-779D,
ACS825BSAMPLE,ACS 825B,
ACS826BSAMPLE,ACS-826B,
ACSJL809B,ANALYTICAL SCALE  - 2KG,
ACSJL999,WATER PROOF SCALE,
ADAPTORPS30X40,Adaptor (Post scale 30x40),
AIEDCASE,AI SCALE REAR DISPLAY CASE,B · 4 · 2
AILCDREAR,AI POS LED REAR DISPLAY,M · 4 · 3
AIPRT,AI FULL PRINTER SET,A · 6 · 1
AM69MS,PLATFORM SCALE 600X900  (200kg)-EG,
APC201,ATM PC Metalic Keypad,F · 1 · 1
APC202,ATM PC KEYPAD BOARD,
APC203,ATM PC Panel Sticker (Front and Back),
APC205,Power Cord Connector Port,
APC206,ATM PC FRONT DISPLAY BOARD,
APC207,ATM PC/JUNIOR Back Display Board,"G · 1 · 3, G · 4 · 2, G · 4 · 3"
APC208,Load Cell 40kg ATM PC/TOUCH/JUNIOR/WATERPROOF,
APC2091,BATTERY 4V 4.5AH UPLUS,
APC210,KEYPAD POUCH,
APC211,Body set ATM PC,
APC214,ATM PC WEIGH PAN,
APCG201,ATM PC GREEN FRONT DISPLAY,
APCJ101,BODY SET ATM JUNIOR,
APCJ102,KEYPAD BOARD ATM JUNIOR,"J · 4 · 1, J · 4 · 3"
APCJ104,ATM PC JUNIOR PAN,
APCJ105,ATM JUNIOR FRONT DISPLAY (BI COLOR),G · 1 · 1
APCJ106,ATM JUNIOR FRONT DISPLAY STICKER,"L · 5 · 5, M · 1 · 1, Q · 1 · 1"
APCJ122,ATM Junior Dust cover,
APCJ201,ATM JUNIOR FRONT DISPLAY(GREEN),F · 5 · 3
APCJ202,ATM JUNIOR Back Display Board(GREEN),F · 4 · 1
APCLEG,ATM PC LEG,A · 1 · 2
APCPQ001,APCQ BottomFront Display,G · 1 · 2
APCPQ002,APCPQ Pole Display case,
APCPQ003,APCPQ Pole Display,
APCPQ004,APCPQ Body set bottom case,
APCPQ005,APCPQ Body set top case,
APCPQ006,APCPQ Keypad,
APCPQ007,APCPQ Leg,
APCPQ008,APCPQ Pan,
APCPQ009,APCQ Pole pipe,
APCPQ010,APCPQ Power code connector,
APCPQ011,APCPQ Pan holder,
APCPQ012,APCPQ Pole connector,
APCPQ013,APCPQ DISPLAY STICKER,
APCPQ014,APCPQ  FRONT DISPLAY STICKER,
APCPQ015,APCPQ DUST COVER,
APCT114,MOTHER BOARD ATM PC TOUCH,
ATM20GAD101,ATM20GAD TOP BODY CASE,
ATM20GAD102,ATM30GAD BOTTOM BODY CASE,
ATM20GAD103,ATM20GAD DISPLAY STICKER,
ATM20GAD106,ATM20GAD KEYPAD,
ATM20GAD619101,ATM20GAD619 TOP BODY CASE,
ATM20GAD619102,ATM20GAD619  BOTTOM BODY CASE,
ATM20GAD619103,ATM20GAD619 PAN,
ATM20GADLEG,ATM20GAD LEG,A · 2 · 4
ATM30DAD101,ATM30DAD1 Body set top case,
ATM30DAD102,ATM30DAD1 Body set bottom case,
ATM30DAD103,ATM30DAD1 PAN bush Leg,
ATM30DAD104,ATM30DAD1 Display front and back (dual LED),G · 3 · 2
ATM30DAD105,ATM30DAD1 Dust Cover,
ATM30DADEC106,OVERLAY STICKER ATM30DADEC FRONT,
ATM30DADEC107,OVERLAY STICKER ATM30DADEC  BACK,
ATM30RAD001,ATM30RAD BODY BASE (BOTTOM),
ATM30RAD002,ATM30RAD DISPLAY RED COLOUR,
ATM30RAD003,ATM30RAD TOP BODY CASE,
ATM30RAD004,OVERLAY STICKER ATM30RAD FRONT,
ATM30RAD005,OVERLAY STICKER ATM30RAD BACK,
ATMPCFSSSMPS,ATMPCDQZ TRANSFORMER/SMPS (ACS-SS),
ATMPCR1,TABLE TOP WEIGHING SCALE,
ATMPCT,Price Computing Scale-T,
ATMPCWH101,AY ATMPC-WH Body set (Top),
ATMPCWH102,AY ATMPC-WH Body set (Base),
ATMPCWH103,AY ATM PC-WH Weigh pan leg,
ATMPCWH104,AY ATM PC-WH Front Display board,
ATMPCWH105,AY ATM PC-WH Front Display Sticker,Q · 1 · 1
ATMPCWH106,AY ATM PC-WH Back Display Sticker,
ATMPCWH107,AY ATM PC-Pan,
ATMPCWH110,ATMPCWH Dustcover,
BAT6V,BATTERY 6V 4.5AH,
BATTERYPS30X40,Battery (Post scale body 30x40),
BEN30X40SSM,ELECTRONIC PLATFORM SCALE 50-100kg(M),
BENCHPCG,PLATFORM SCALE,
BGC201,Bench Green Loadcell Cap,
BGC202,Bench Green Loadcell -130kg,
BGC203,Bench Green Motherboard,
BGC204,Bench Green Front & Back Display,
BGC206,Bench Green Leg,
BGC210,DIGIT WITH DECIMAL,
BGC211,DIGIT WITHOUT DECIMAL DECIMAL (GREEN),
BGC212,STEEL PAN (OEM BENCH),
BGC213,Plastic Housing Keyboard(OEM Bench),
BLIC,BLUETOOTH IC,Q · 6 · 2
BOE,Boe Reminder Charge,
BPC101,Bench PC Metallic Keypad pouch,
BPC102,Bench PC Keypad Board,"J · 5 · 1, J · 5 · 2, J · 6 · 1, J · 6 · 2"
BPC103,Bench PC Panel Overlay Sticker,"L · 1 · 2, Q · 1 · 1"
BPC104,Bench PC Protection Dust Cover,
BPC105,Power Cord with connector,B · 2 · 2
BPC106,Bench PC Load Cell Protection cover,
BPC108,Bench PC Battery To Board 2 Pin,
BPC109,Bench PC Transformer Box,Q · 6 · 5
BPC110,Bench PC On/Off Switch,B · 5 · 2
BPC111,Bench PC Front Display Board (Red),H · 2 · 2
BPC112,Bench PC Back Display Board (Red),"G · 6 · 1, H · 2 · 3"
BPC113,Bench PC Load Cell 70kg,
BPC114,ATM/BENCH PC MOTHER BOARD,K · 5 · 1
BPC115,Metallic Keypad Cover Bench PC,
BPC116,BOTTOM CASE BENCH PC,
BPC117,TOP CASE BENCH PC,
BPC118,Load Cell 130 KG,"D · 3 · 2, D · 4 · 2"
BPC120,Bench Pc (bicolor) front display,
BPC124,YS 50G Lock Spring,
BPC50DAD201,BPC50DAD2 WEIGHING PAN,
BPC50DAD205,BPC50DAD2 Dust Cover,
BPC50DAD206,BPC50DAD2 Loadcell Protection cover,
BPC50DAD207,BPC50DAD2 Loadcell and Indicator connector,
BPCG001,BENCH PC GREEN FRONT&BACK DISPLAY,
BPCG004,BENCH PC GREEN KEYPAD,
BPCG005,BENCH PC GREEN MAIN BOARD,"F · 5 · 1, K · 7 · 4"
BPCG010,YS 50G Dustcover,
BPCGQZ1001,BPCGQZ1 DISPLAY,
BPCGQZ1002,BPCGQZ1 KEYBOARD,
BPCGQZ1003,BPCGQZ1 PAN,
BPCGQZ1004,BPCGQZ1 HOUSING FRONT,
BPCGQZ1005,BPCGQZ1 HOUSING BACK,
BPCGQZ1006,BPCGQZ1 DUST COVER,
BPCLEG,Bench  Machine Leg,"A · 1 · 1, A · 1 · 3"
BPLT001,Bench PLT Display Front & Back,
BPLT003,Bench PLT Motherboard,
BPLT005,Bench PLT Switch,
BPLT008,Battery 4v 4Ah,"E · 1 · 1, K · 1 · 1, K · 1 · 2, P · 2 · 1"
BPLT009,Bench PLT Indicator Cover Base,
BPLT010,Bench PLT Indicator Cover Top,
BPLT011,Bench PLT SMPS,
BPR001,Printer Bench Pro,P · 2 · 2
BPR002,Bluetooth module Bpro,P · 3 · 2
BPR003,Motherboard Bpro,P · 2 · 2
BS0501,JW Display & Motherboard Set,K · 6 · 4
BS0502,JW Loadcell 1 Kg,
BS0504,JW Cabinet Base,
BY001,BY Display Bench Front and Back (Green LED),
BY002,BY Display Bench Front and Back (Red LED),"F · 6 · 1, F · 6 · 2"
BY003,BY Display ATMPCP Front and Back (Green LED),"G · 2 · 1, G · 2 · 2, G · 2 · 3, N · 4 · 2"
BY004,BY Keypad Bench 4x5,
BY005,BY Keypad ATMPCP & ATMPCW,
BY006,BY Motherboard Bench & ATMPCP,
BY007,BY Motherboard ATMPCW,F · 5 · 2
BY008,BY ATMPCP Body Set( Base),
BY009,BY ATMPCW Body Set,
BY010,BY Front/Rear Housing for Bench,
BY011,BY Weighing PAN for Bench(YS5010SS),
BY012,BY Weighing PAN for Bench(BY5039E),
BY013,BY Weighing PAN for ATMPCP & ATMPCW,
BY014,BY Front/Rear Housing for Indicator DY5037,
BY015,BY ATMPCW Display Front and Back( Red LED),"F · 3 · 1, F · 3 · 2, F · 3 · 3"
BY016,BY ATMPCP PIPE POLE,J · 6 · 3
BY017,BY ATMPCP POLE CONNECTOR,"J · 6 · 3, Q · 5 · 2"
BY018,BY ATMPCP FRONT/REAR HOUSING,J · 6 · 3
BY019,BY Bench Dual Display Front & Back (Green & Red LED),D · 6 · 1
BY020,BY Motherboard Bench & ATMPCW,
BY021,BY Front/Rear Housing for Bench G TYPE,
BY5030GG,Platform Weighing Scale(GG),
CAD5V2A,Adapter 5v 2a type C,A · 6 · 1
CALSR,Calibration Screw with hole,
CARRIAGEFEE,Freight,
CB,CARTON BOX,
CCM101,CCM DISPLAY UNIT FRONT,
CCM101AL800,CCM DISPLAY UNIT FRONT - AL800,
CCM102,AC MOTOR CCM,P · 1 · 1
CCM103,DC MOTOR CCM,
CCM104,DENOMINATION IR LED CCM,
CCM105,UV SENSOR CCM,
CCM105AL800,UV SENSOR CCM-AL800,
CCM106,STACKER SENSOR (IR EMITTER & RECEIVER)CCM,
CCM106AL800,STACKER SENSOR (IR EMITTER & RECEIVER)CCM-AL800,
CCM107,HOPPER SENSOR CCM,
CCM107AL800,HOPPER SENSOR CCM-AL800,
CCM108,ENCODING SENSOR CCM,
CCM108AL800,ENCODING SENSOR CCM-AL800,
CCM109,SIDE KEYPAD CCM,M · 4 · 3
CCM110,C.M TRANSFORMER CCM,Q · 5 · 4
CCM110AL800,C.M TRANSFORMER CCM  -AL800,
CCM111,MAGNETIC & DENOMINATION SENSOR WITH FRAME CCM,
CCM112,MOTHER BOARD CCM,K · 6 · 3
CCM112AL800,MOTHER BOARD CCM-AL800,
CCM113,MG Sensor CCM,
CCM114,CCM DISPLAY KEYPAD,
CCM114AL800,CCM DISPLAY KEYPAD-AL800,
CCM115,CCM ROTATE WHEEL,M · 6 · 1
CCM116,CCM COUNTING SENSOR,
CCM116AL800,CCM COUNTING SENSOR -AL800,
CCM117,CCM DONGLE,M · 4 · 4
CCM118,CCM LCD DISPLAY,
CCM119,CAPACITOR -CCM,
CCM120,RUBBER PAD - CCM,
CDLOCK,CASH DRAWER  LOCK WITH 2 KEYS,
CDS,CASH DRAWER SPRING LOCK,A · 6 · 1
CH601,CHOTTU - T/z KEY,
CH602,CHOTTU MOTHERBOARD - 99MB 6V,P · 6 · 2
CH603,MOTHERBOARD  CHOTTU - 99MB 4V,"K · 7 · 3, P · 6 · 4"
CH606,CHOTTU 40KG LOAD CELL,
CHKEYPADST,CHOTTU KEYPAD STICKER,N · 2 · 2
CHOTTUBL,TABLE TOP WITH BLUETOOTH,
CHOTUABS1014VCUTLC,Table Top Scale SF 220x170  10kg/1g,
CHSTICKER,CHOTTU STICKER SET,N · 2 · 2
COCS,Courier Charges,
CON14,FRC CONNECTOR 14 PIN,
CONMT4,Metal Connector 4 Pin,
CONMT5,Loadcell Connector 5 Pin,E · 4 · 1
CS250X250MS,CHICKEN SCALE 50KG MS,
CW2X3,AC Cord wire 2pin(3 yrad),
CW3X3,AC Cord wire CPU Cord(3 yard),
DISGR6,Display Board Green ( 6 LED),"H · 4 · 1, H · 4 · 2, H · 4 · 3, K · 4 · 3, P · 5 · 4"
DISPLAY116,"DISPLAY 11.6""",A · 7 · 1
DISPLAY147,"DISPLAY 14.7""",A · 7 · 1
DISPLAY156,"DISPLAY 15.6""",A · 7 · 1
DISRAD,ATM20RAD DISPLAY GREEN,"G · 3 · 1, G · 3 · 3"
DISRED6,Display Board Red ( 6  LED),C · 6 · 1
DJ101,DJ Power supply Card,M · 6 · 3
DJ102,DJ MOTHERBOARD,M · 6 · 3
DJ103,DJ LOADCELL,
DJ104,DJ ADAPTER,
DJ105,DJ FRONTDISPALY,
DJ106,DJ DISPLAY STICKER,N · 2 · 1
DJ108,620G 0.01G STICKER,N · 2 · 1
DJ109,DJ MOTHERBOARD With 3 decimals,
DJSPARE,Jwell Spare Box,
DQZ0001,ATMPCDQZ PAN BUSH,
DQZ0002,ATMPCDQZ PAN,
DQZ0003,ATMPCDQZ DISPLAY,G · 6 · 2
DQZ0004,ATMPCDQZ KEYPAD,K · 4 · 1
DQZ0005,ATMPCDQZ DUSTCOVER,
DQZ0006,ATMPCDQZ MOTHERBOARD,
DQZ0007,ATMPCDQZ LOADCELL 70KG,
DY5030001,OVERLAY STICKER BENCH FRONT,
DY5030002,OVERLAY STICKER BENCH BACK,
DY5030DAD3Y,PLATFORM SCALE -BENCH (DUAL-AD3-Y),
DY5030FGAD1001,DUST COVER FOR DY5030FGAD1,
DY5030GGAD1001,DUST COVER FOR DY5030GGAD1,
EB8020,GLASS ELECTRONIC PERSONAL SCALE,
EC800AL,THERMAL PRINTER SGT 88IV USB,
ECR101,Main board with WIFI,
ECR102,Printer Header,
ECR103,ECR Display set Front,"L · 5 · 1, L · 6 · 1"
ECR105,ECR KEYPAD,N · 3 · 3
ECR106,ECR PRINTER COVER,L · 6 · 1
ECR107,ECR Main board with WIFI,
ECR108,ECR PRINTER METAL CASE,L · 6 · 1
ECS106,ECS PRINTER COVER,
ECS701,ECS4W DUST COVER,
ECS702,ECS4W WEIGH PAN,
ECS703,ECS4W FRONT AND BACK DISPLAY STICKER,
ECS801,ECS 5W /LBL  POS LEG,"A · 2 · 2, A · 3 · 1"
ECS802,ECS 5W TOP CASE,
ECS803,ECS5W WEIGHING PAN,
ECS8037,U4 8720 CHIP,
ECS8038,U9/U1O 53R/50,
ECS804,ECS 5W PAN HOLDING CROSS STAND,
ECS8040,ECS PRINTER GEAR SMALL,M · 4 · 4
ECS8041,ECS PRINTER GEAR BIG,M · 4 · 4
ECS805,ECS 5W LOAD CELL,E · 3 · 2
ECS806,ECS5W PRINTER CASE,M · 2 · 1
ECS807,ECS5W PRINTER MAIN BOARD,"K · 6 · 2, L · 4 · 3"
ECS808,ECS5W DISPLAY SET FRONT,
ECS809,ECS5W / 4W/Q10 DISPLAY BACK,
ECS810,ECS5W KEYBOARD CONNECT BOARD,"L · 3 · 1, M · 5 · 6"
ECS811,ECS5W / 4W/Q10 KEYBOARD,K · 6 · 3
ECS812,ECS5W INTERFACE BOARD,"K · 7 · 5, M · 5 · 6"
ECS813,ECS5W CALIBRATION BOARD,L · 3 · 1
ECS814,ECS5W PRINTER,L · 6 · 1
ECS815,ECS5W MOTHER BOARD,K · 5 · 3
ECS816,ECS5W POWER SUPPLY BOARD,M · 6 · 4
ECS817,ECS5W SMPS 7V,
ECS819,ECS5W DUST COVER,
ECS820,ECS5W PRINTER ROLLER WITH HEAD,M · 6 · 2
ECS821,ECS 5W BODY SET,
ECS822,ECS5W  KEYPAD SILICON PAD,
ECS823,ECS5W DISPLAY STICKER FRONT,L · 1 · 1
ECS824,ECS5W DISPLAY STICKER BACK,L · 1 · 1
ECS825,ECS5W KEYBOARD STICKER,N · 2 · 1
ECS826,ECS5W / TMAQ9 Dot Matrix display,"M · 3 · 1, M · 3 · 2"
ECS827,ECS5W Pan support Leg,P · 6 · 3
ECS828,ECS/LBL AC POWER CORD L TYPE,A · 2 · 5
ECS829,WIFI ANTEENA CARD,
ECS830,ECS 5W PRINTER PAPER-CUTTER PART,M · 2 · 3
ECS831,ECS/LBL Display connector cable(15 CM),
ECS832,ECS/LBL PRINTER CABLE,L · 4 · 1
ECS833,ECS/LBL DISPLAY CABLE (45CM),
ECS834,ECS5W/Q10 OEM BACK DISPLAY STICKER (BLACK),M · 1 · 1
ECS835,ECS5W/Q10LBL OEM KEYPAD STICKER (BLACK),L · 1 · 1
ECS836,ECS5W/Q10LBL KEYPAD STICKER (BLACK),
ECS837,ECS5W/Q10 OEM FRONT DISPLAY STICKER (BLACK),
ECS838,ECS 5W/4W/ECR/INDICATOR Printer Roller,M · 4 · 5
ECS839,ECS/LBL DISPLAY CABLE (25CMS),
ECS840,ECS PRINTER CASE LID,
ECS841,ECS5W BLACK PAN (UNDER SS PAN),
ECS850,ECS INDICATOR / ECS 4W DISPLAY  FRONT,
ECS851,ECS 4W DISPLAY  BACK,L · 2 · 2
ECS852,ECS4W KEYBOARD BOARD,
ECS853,ECS Q11 DISPLAY,"L · 4 · 4, Q · 5 · 3"
ECS855,ECS4W BODY SET,
ECS856,ECS4W POLE,
ECS857,ECS4W SILICON PAD,
ECS858,ECS4W DISPLAY STICKER FRONT,L · 1 · 1
ECS859,ECS4W DISPLAY STICKER BACK,
ECS860,ECS4W KEYBOARD STICKER,L · 1 · 1
ECS861,ECS Loadcell (13cm),E · 3 · 2
ECS862,ECS 5W LOAD CELL FIXING PLATE,
ECS863,ECS 5W CLOSING COVER,
ECS8860,ECS 5W BODY - POLE,
ECSIND01,ECS INDICATOR MOTHER BOARD,
ECSIND10,ECS INDICATOR KEYPAD,K · 3 · 2
ECSIND11,ECS INDICATOR KEYPAD STICKER,N · 4 · 5
ECSIND12,ECS INDICATOR SILICON KEYPAD,
ECSIND13,ECS INDICATOR DISPALY STICKER,N · 4 · 5
EGDISPLAY,DISPLAY GREEN,
EGDKEYPAD,KEYPAD (EG),
EK6003,DIGITAL KITCHEN SCALE -10Kg,
EK6005,DIGITAL KITCHEN SCALE,
EVV,Envelope,
F210KG,F2 Class weight -10kg,
F21KG,F2 Class weight -1kg,
F21MG500G,F2 Class weight -1mg to 500g,
F220KG,F2 Class weight -20kg,
F22KG,F2 Class weight -2kg,
F22MG,F2 Class weight -2mg,
F25KG,F2 Class weight -5kg,
FS1T101,Loadcell-500kg SB,
GATC20,Stamping Fees  upto 20 kg,
GATC30,Stamping Fees above 20 kg,
GRV20,Verification Fees upto 20kg,
GRV30,Verification Fees above 20 kg,
HAG001,HAG DISPLAY SET,
HAG002,HAG KEYPAD,
HAG003,HAG SILICONPAD,
HAG004,TMA HANGING SCALE KEYBOARD STICKER,
HAG005,TMA HANGING SCALE KEYBOARD,
IN202S001,Keyboard  - Indicator 202S,
IN202S002,3Pin Socket & Cap - Indicator 202S,
IN202S003,Switch - Indicator 202S,
IND202001,IND 202 Motherboard,P · 6 · 3
IND202002,IND 202 KEYPAD,
IND202003,IND 202 DISPLAY,P · 5 · 2
IND618,Indicator-618,
JBLC,4 LINE PLASTIC JUNCTION BOX,
K1201,K12 -MOTHER BOARD,
K1202,K12 DOME KEYPAD,
K1203,K12 TRANSFORMER,
KEYPAD,Keypad,P · 5 · 1
LBLIND001,LBL INDICATOR KEYPAD,
LC10X130,Loadcell 10KG 130mm,
LC150X3,Loadcell 150 kg: 3 Hole,C · 2 · 1
LC200,Loadcell 200 kg 25 x25- 40 mm 4 HOLE,C · 1 · 2
LC200X3,Loadcell 200KG 3 HOLE,
LC20130,Loadcell 20 kg 130 mm,"C · 3 · 1, D · 2 · 2, D · 3 · 3"
LC300,Loadcell 300 kg 25 x25- 40 mm 4 HOLE,"C · 1 · 2, E · 3 · 2"
LC3KG130MM,Loadcell 3kg 130mm,D · 2 · 3
LC4088,Loadcell 40KG 88mm,"D · 1 · 3, D · 5 · 1, E · 3 · 2, E · 4 · 2"
LC40X130,Loadcell 40 kg: 130 mm,D · 1 · 2
LC500,Loadcell 500 kg 25 x25- 40 mm 4 HOLE,"C · 1 · 2, C · 4 · 3"
LC5002535,Loadcell 500 kg 25 x35 4 HOLE,D · 3 · 1
LC80130,Loadcell 80 kg:130mm,"C · 2 · 2, C · 3 · 3, D · 1 · 1, E · 3 · 1"
LEDGAD,Display Led Green,
LEDR,Led Red,
LEDWAD,Display Led White,
LOADCELL800KG,Loadcell Trolley 800 Kg,C · 2 · 4
LPS7,Label Printing Scale - Smart 7,
METAADS,Meta Advertisement charge,
OBC,Outward bank commision,
P47,BLUETOOTH HEADSET,
PAD12V,POWER ADAPTOR 12V 5A,
PALLET01,PCB PALLET SCALE(YCS),
PCBA77,"Motherboard - SGT A7 7"" 2GB 32GB",
PCBIS171,Motherboard IS-171,
PCBPMS63,Motherboard PMS 63,"L · 6 · 3, P · 6 · 5"
PFG555SSQ002,PFG555SSQ KEYPAD,
PFG555SSQ003,PFG555SSQ LEG,
PFG555SSQTR9V,TRANSFORMER 9V,B · 1 · 2
PFINDXK3001,Motherboard (B3+),
PFINDXK3002,Display Board(B3+),
PFINDXK3003,Keypad (B3+),
PFINDXK3004,Adapter (B3+),
PFINDXK3005,Body / Housing Front (B3+),
PFINDXK3006,Body / Housing Back (B3+),
PFINDXK3007,2 Pin socket (B3+),
PFINDXK3008,Buzzer (B3+),
PFINDXK3009,Indicator hold (B3+),
PFPC110,LOAD CELL PROTECTION COVER 700KG,
PFPC111,LOAD CELL PROTECTION COVER 400KG,
PFPC112,LOAD CELL PROTECTION 50 KG,
PFPC501,PLATFORM LOAD CELL 700 KG,"C · 2 · 3, D · 4 · 1"
PFPC502,PLATFORM LOAD CELL 400 KG,"C · 1 · 2, C · 5 · 2"
PFPC503,PLATFORM Load Cell 200kg,C · 5 · 1
PFPC508,Platform/Bench Bicolor Display,"B · 6 · 1, H · 2 · 1"
PFPC509,Platform Front Display sticker,
PLC180,Platform Loadcell 180kg,C · 4 · 2
PLC350,PlatformLoadcell 350kg,C · 4 · 1
PMS45GREEN,Motherboard- PMS 45(GREEN),K · 6 · 1
POSK,POS Kiosk,
PRCCKNDIS,PRC CKN Display and Keypad Unit,F · 4 · 2
PRINTERADAPTOR,Printer Adaptor 24V,B · 3 · 1
PROP4,Bench Pro P4,
PROTOOL,Programmer Burner (Bench Pro tool),
PS40Z001,PORTABLE SCALE 40X40 DISPLAY,
PS50Z001,PORTABLE SCALE 50X50 DISPLAY,
PSB30X40,POST SCALE BODY (30X40)  WITH LOADCELL,
PSDGQ002,PORTABLE SCALE 30X40 HANDLE,
PSDGQ003,PORTABLE SCALE 30X40 BACK DISPLAY CASE,
PSDGQ004,PORTABLE SCALE 30X40 FRONT DISPLAY PLACTIC CASE,
PSDGQ006,PORTABLE SCALE 30X40 PAN & STRUCTURE,
PSDGQ007,Chicken Scale Front Display (Green),
PTSMT,Push Tare Switch Metal Type,B · 5 · 3
PTSNR,Push Tare Switch Normal Type,B · 5 · 1
Q10ECS001,Q10 ECS FRONT DISPLAY SET,
Q10ECS002,Q10 ECS BACK DISPLAY,
Q10ECS003,Q10 ECS KEYPAD,
Q10ECS004,Q10 ECS SILICON PAD,
Q10ECS005,Q10 ECS POLE WITH HOLDER,
Q10LBL001,Q10 ECS/LBL FRONT DISPLAY,
Q10LBL002,Q10 LBL FRONT DISPLAY LCD,
Q10LBL003,Q10 LBL BACK DISPLAY,
Q10LBL004,Q10 LBL KEYPAD,
Q10LBL005,Q10 LBL SILICON PAD,
Q10LBL006,Q10 LBL POLE WITH STAND,
Q8602,Q8LBL Dot Matrix Display Set,"K · 2 · 3, K · 6 · 5"
Q8603,Q8LBL LCD Display,
Q8604,Q8/Q9 LABEL SMPS 20V,
Q8605,Q8/Q9LBL /Q10 KEYPAD BOARD,"K · 3 · 1, K · 3 · 3, K · 4 · 3"
Q8606,Q8LBL BODY SET,
Q8607,Q8LBL POLE,
Q8608,Q8LBL CROSS STAND,
Q8610,Q8LBL PRINTER,
Q8613,Q8LBL LABEL GAP SENSOR,
Q8614,Q8LBL OUTER SENSOR,
Q8615,TMA LBL ROLLER MOTOR,K · 2 · 2
Q8616,Q8LBL POLE CONNECTOR,M · 2 · 4
Q8617,Q8LBL KEYPAD SILICON PAD,
Q8618,Q8LBL DISPLAY STICKER FRONT,
Q8619,Q8LBL DISPLY STICKER BACK,L · 1 · 1
Q8620,Q8LBL KEYBOARD STICKER,
Q8621,Q8LBL PAN,
Q8622,MOTHERBOARD TMA Q8,
Q8623,MOTHERBOARD - TMA - Wifi,
Q9701,Q9LBL PAN HOLDING CROSS STAND,
Q9702,Q9LBL PRINTER,Q · 2 · 3
Q9703,Q9LBL PRINT HEAD,K · 7 · 1
Q9705,Q9LBL ROLLER MOTOR,
Q9706,Q9LBL BODY SET,
Q9707,Q9LBL POLE with plastic case set (blue ),
Q9708,Q9LBL POLE CONNECTOR,
Q9709,Q9LBL SILICON PAD,
Q9710,Q9LBL DISPLAY STICKER FRONT,L · 1 · 1
Q9711,Q9LBL DISPLAY STICKER BACK,
Q9712,Q9LBL KEYBOARD STICKER,
Q9713,Q9LBL WEIGHING PAN,
Q9715,Q9LBL Printer GearSet,M · 5 · 1
Q9716,Q9LBL Printer Roller,M · 4 · 4
Q9718,TMA PRINTER ROLLER WASHER,
Q9719,Q9LBL PRINTER MOTHERBOARD,M · 5 · 6
Q9720,Q9LBL PRINTER ROLLER MECHANISM,
Q9721,TMA PRINTER RUBBER WASHER,
Q9722,Q9LBL KEYPAD SILICON PAD,
Q9723,Q9LBL PRINTER MOTHERBOARD CASE,
Q9724,Q9LBL PRINTER PAPER FEEDER SET,
Q9725,Q9LBL PRINTER paper fix plastic case,
Q9726,Q9LBL PRINTER paper install base,
Q9727,Q9LBL printer head adjust spring small,
Q9728,Q9LBL printer head adjust spring big,
Q9729,Q9LBL printer roller metal base,
Q9730,Q9LBL printer metal turning board,
Q9731,Q9LBL printer rolling limit pole,
Q9732,Q9LBL printer  paper rolling pole,
Q9733,Q9LBL printer  rubber rolling case,
Q9734,Q9LBL printer  nylon gear,
Q9735,Q9LBL printer  5 pin 150-190ph wires,
Q9736,Q9LBL printer  15pin 150pj-180ph wires,
Q9737,Q9LBL PRINTER PAPER HEIGHT ADJUSTER,
Q9738,Q9LBL LABEL OUT SENSOR COVER,
Q9739,Q9LBL PRINTER GEAR LOCK,
Q9740,Q9LBL PRINTER WASTE PAPER ROLLER AND SPRING,
Q9741,Q9LBL PRINT HEAD LOCK BOTTOM SENSOR,
Q9742,Q9LBL POLE CONNECTOR LOCK PLATE AND SCREW,
Q9743,Q9LBL MACHINE LEG,
Q9744,Q9LBL WEIGHING PAN LEG,
Q9745,Q9LBL DISPLAY STICKER FRONT OEM,
Q9746,Q9LBL OEM BACK DISPLAY STICKER (BLACK),L · 1 · 1
Q9747,Q9LBL OEM FRONT DISPLAY STICKER (BLACK),L · 1 · 1
Q9748,Q9/Q10LBL OEM KEYPAD STICKER (BLACK),
Q9749,Q9/Q10LBL KEYPAD STICKER (BLACK),
Q9750,Q10ECS/LBL DISPLAY STICKER FRONT,L · 1 · 1
Q9751,Q10ECS/LBL DISPLAY STICKER BACK,N · 2 · 1
Q9752,Q9LBL DISPLAY PLASTIC CASE SET,
Q9753,Q9LBL PRINTER PART BUSH,
Q9754,Q9LBL POLE CABLE CONNECTOR,
QPFPC001,Motherboard PF PC(Q),F · 2 · 3
QPFPC002,Front and Back Display((Red) PFPC(Q),
QPFPC003,Keypad PFPC(Q),
QPFPC004,Head Cover Top and Base PF PC(Q),
QPFPC005,Front and Back Display(Green) PFPC(Q),
QPFPC009,Li Battery,J · 3 · 1
RLBL,Retail Label Scale,
RMCCON2,RMC Connector 2 Pin,N · 6 · 4
RMCCON3,RMC Connector 3 Pin,"N · 5 · 4, N · 6 · 2"
RMCCON5,RMC Connector 5 Pin,N · 6 · 3
RVINC,RV Service charge,
SBLC1T,Shearbeam Loadcell 1000kg,"C · 1 · 3, D · 2 · 1"
SBLC2T,Shearbeam Loadcell 2000kg,
SBLC500,Shearbeam Loadcell 500 kg,"C · 1 · 1, E · 2 · 1"
SC,SERVICE CHARGE,
SCREW,Calibration Screw,
SF300,Government Stamping Fee /Expense for 300kg,
SGSF20,Gujarath Government Stamping Fee /Expense for 20 kg(S),
SGT101,POS Terminal SGT101,
SGTA1,POS Terminal SGTA1,
SHEARBEAM05T,Shear Beam Loadcell Imported 500Kg,C · 5 · 3
SHEARBEAM15T,Shear Beam Loadcell 1.5 T WITH FOOT,
SHEARBEAM1T,Shear Beam Loadcell Imported 1000kg,
SHEARBEAM2T,Shear Beam Loadcell Imported 2000kg,E · 3 · 2
SOCKET2,3 Pin CPU Socket CLIP TYPE,Q · 5 · 1
SOCKET3,3 Pin CPU Socket,Q · 5 · 1
SPARE,Spare Parts,
SPAREMZ,Spare parts - MZ,
SPOSKART,SPOS  - KART,
SPOSSMS,SPOS Smart scale support.,
SSCS,SAFAL-400X400,
SWC,Swift Charges,
SWITCH,ON/OFF SWITCH,"B · 5 · 2, B · 5 · 3"
SWITCH2,SWITCH 2 WAY,B · 5 · 5
SWITCH3,ON/OFF SWITCH With LED,B · 5 · 4
TMAFB,Label Printing Scale Q9LBL (F&B),
TOUCH116,"TOUCH SCREEN 11.6 """,A · 7 · 1
TOUCH14,"TOUCH Panel  14""",A · 7 · 1
TOUCH156FS,"TOUCH SCREEN 15.6"" FRONT STRAPS",A · 7 · 1
TOUCH156SS,"TOUCH SCREEN 15.6"" SIDE  STRAPS",
TPC301,Panel Sticker With Keypad ATM PC Touch,
TPC302,Touch Keypad ATM PC Touch,P · 6 · 1
TPC303,Front Display Board ATM PC Touch,
TPC304,Back Display Board ATM PC Touch,
TPC306,BODY SET ATM PC TOUCH,
TR12V,Transformer 12V,"A · 3 · 2, A · 4 · 2, B · 1 · 1, B · 1 · 2"
TRF6V,Transformer 6.5v,P · 2 · 3
TRLY02,Caster wheel for Trolly scale,Q · 2 · 1
TRLY04,Trolley Loadcell,
UIP57,EQUAL-UIP 57 White,
UPLUS6V,UPLUS BATTERY 6V 5AH,
WPC401,Panel Sticker (Front and Back) ATM PC Waterproof,N · 2 · 1
WPC402,Motherboard ATM PC Waterproof,K · 5 · 2
WPC403,Front Dispaly Board ATM PC Waterproof,
WPC404,Back Display Board ATM PC Waterproof,
WPC405,Keyboard ATM PC Waterproof,
WPC406,AC/DC Adaptor,
WPC408,Panel Sticker ATM PC Waterproof Back,
WPC414,BODY SET ATM PC WATER PROOF,
YS50GO,PLATFORM SCALE - BENCH(O),
YS50GY,PLATFORM SCALE-BENCH (G),
YSA204001,YSA DISPLAY WITH KEYS,
YSA204002,YSA DISPLAY STICKER,
YSA204005,YSA MAGNETIC SENSOR,
YSA204006,YSA MAINBOARD,
YSA204007,YSA ADAPTOR,
YSAGLASSSET,YSA GLASS SET ASSEMBLY,A · 6 · 3
YSAPOWERCORD,YSA POWERCODE,A · 3 · 3
YSH500,HANGING SCALE,
